Mean_AUC_Difference,Lower_95_CI,Upper_95_CI
0.0003469643391311601,-0.0010642627923923287,0.0015733539714577137
