Model,Precision,Recall,AUC
Logistic C=1.0,0.5577172503242542,0.8227040816326531,0.8954325632074693
Logistic C=0.01,0.5555081127241673,0.829719387755102,0.8951623564405519
