{
    "Linear_R2": 0.19978804153882912,
    "Ridge_R2": 0.19978833799593143,
    "Logistic_AUC": 0.8954325632074693,
    "Regularized_AUC": 0.8951623564405519
}