Model,R2 Score,MSE
Linear Regression,0.19978804153882912,119.32979108234368
Ridge Regression,0.19978833799593143,119.32974687385153
