Feature,Coefficient,Absolute
workclass_Private,1.804652250516652,1.804652250516652
relationship_Own-child,-1.75777141312742,1.75777141312742
workclass_Self-emp-inc,1.6635292927285157,1.6635292927285157
